,B02_2,B07_5,B06_1,A02_4,A01_22,A06_2,A11_1,A02_6,A12_2,A08_4,B05_2,A04_1,A03_1,A05_2,B04_1,A01_20,A07_1,A05_1,B01_5,A02_2,A14_2,A08_1,A14_4,B07_4,B03_4,A10_3,A09_4,A09_9,B03_1,B04_5,B02_3,B01_1,A06_5,A01_6,A05_3,A04_3,A01_2,A04_4,B06_5,A01_18,A08_5,A01_4,A01_17,A01_21,A11_5,B05_5,A09_5,A13_1,A11_4,A01_10,B05_1,A10_1,A01_13,A08_6,A11_2,A02_5,A09_1,A01_3,B02_4,A01_5,A01_7,A08_3,B04_3,B04_4,A13_2,B01_3,A06_6,B05_4,A02_7,B07_2,B02_5,A06_1,A14_3,B05_3,B06_2,A14_1,A09_8,B01_2,B02_1,A12_3,A09_3,A06_4,A01_8,A03_2,A09_6,B07_1,A09_7,A02_3,A09_2,A01_19,A0_1,B01_4,B03_2,A01_1,B06_4,A08_2,A01_14,A01_23,A0_3,B07_3,A06_3,A01_12,A11_3,A01_24,A10_2,A04_2,B04_2,A01_9,B03_3,A04_5,B06_3,B03_5,A10_4,A02_1,A08_7,A10_5,A12_1
A01_1,101,87,0,26,0,4,76,0,39,50,0,0,220,137,1,0,220,37,70,64,0,141,215,54,186,144,8,1,28,112,140,1,0,0,48,24,0,82,87,0,144,0,0,0,0,5,2,194,0,0,1,7,0,13,108,8,211,0,183,0,0,126,59,34,26,40,6,132,3,24,139,210,3,83,18,2,4,2,191,9,117,0,0,220,0,11,13,20,7,0,219,107,53,0,64,19,0,0,1,47,2,0,40,1,58,3,17,0,99,111,54,154,11,100,1,1,173
A01_10,1,0,0,0,0,0,2,0,0,0,0,0,3,0,0,0,3,3,2,0,0,1,3,0,1,0,0,0,0,1,0,0,0,0,0,1,0,1,0,0,2,0,0,0,0,0,0,3,0,0,0,0,0,0,1,0,3,0,2,0,0,2,1,0,0,0,0,2,0,1,0,2,0,1,0,0,0,0,2,0,1,0,0,3,0,0,0,0,0,0,3,1,0,0,0,0,0,0,0,2,1,0,0,0,3,1,1,0,3,0,3,1,0,3,0,0,3
A01_12,12,15,1,7,0,0,16,2,6,2,0,1,27,12,0,0,27,7,11,3,1,16,26,3,21,14,3,0,2,17,16,0,0,0,8,4,0,11,10,0,19,1,0,0,0,1,0,23,0,0,0,2,0,3,9,4,23,0,23,0,0,13,4,2,4,5,0,18,0,3,15,26,0,8,4,0,4,1,23,2,17,0,0,27,1,3,4,5,1,0,27,10,7,0,6,4,0,0,0,3,1,0,2,0,9,3,4,0,9,8,6,15,2,6,0,0,19
A01_13,18,16,0,12,0,1,7,5,6,9,0,0,38,25,0,0,38,10,13,2,0,17,37,3,33,19,2,0,6,20,28,0,0,0,4,15,0,18,16,0,33,0,0,0,0,0,1,34,0,0,0,1,0,6,27,3,35,0,37,1,0,24,10,5,6,7,3,26,0,3,26,34,1,13,2,0,3,1,33,4,20,0,0,38,0,2,3,1,6,0,38,17,12,0,8,2,0,0,0,15,0,0,4,0,14,3,4,0,18,2,13,31,5,15,0,0,28
A01_14,10,12,0,1,0,0,9,3,3,4,0,0,26,16,0,0,26,8,7,17,0,13,25,7,22,17,0,0,3,11,16,1,0,0,2,4,0,10,9,0,23,0,0,0,0,1,0,26,0,0,0,2,0,0,10,2,18,0,22,0,0,11,9,1,0,8,1,13,0,4,19,24,0,12,1,1,8,1,19,2,16,0,0,26,1,1,5,2,1,0,26,9,5,0,12,0,0,0,0,2,1,0,7,0,4,1,5,0,8,11,4,19,2,1,0,1,21
A01_17,7,5,0,3,0,0,9,0,3,4,0,0,16,10,1,0,16,2,7,1,0,10,16,3,15,4,3,0,2,3,8,0,0,0,4,2,0,10,8,0,13,0,0,0,0,0,1,15,0,0,0,2,0,1,5,2,16,0,13,0,0,9,2,8,1,3,1,9,1,3,11,15,0,7,0,0,1,0,14,0,9,0,0,16,0,1,0,2,1,0,16,6,3,0,6,3,0,0,0,4,0,0,2,0,8,0,2,0,10,4,2,13,2,7,0,0,13
A01_18,2,2,0,0,0,0,0,1,0,1,0,0,4,2,0,0,4,0,2,0,0,2,3,1,4,1,1,0,0,3,3,0,0,0,2,1,0,2,2,0,4,0,0,0,1,0,0,4,0,0,0,0,0,0,1,2,3,0,3,0,0,1,0,1,0,1,0,2,1,0,4,4,0,2,0,1,3,1,4,1,3,0,0,4,0,0,0,0,0,0,4,0,1,0,1,2,0,0,0,1,0,0,2,0,1,0,0,0,1,1,1,4,1,0,0,1,3
A01_19,1,0,0,0,0,0,0,0,0,1,0,0,1,1,0,0,1,0,0,1,0,1,1,1,0,1,0,0,0,1,0,0,0,0,0,0,0,0,0,0,1,0,0,0,0,0,0,1,0,0,0,0,0,0,1,0,1,0,1,0,0,1,0,0,0,0,0,1,0,0,0,1,0,0,0,0,0,0,1,0,1,0,0,1,0,0,0,0,0,0,1,1,1,0,1,0,0,0,0,0,0,0,0,0,0,1,0,0,1,0,0,0,0,0,0,0,1
A01_2,59,50,1,29,0,0,37,6,22,22,1,0,119,69,1,0,119,28,64,38,0,83,118,26,108,67,6,0,15,60,86,0,0,0,22,17,0,42,46,0,88,0,0,0,0,4,3,107,3,0,0,5,0,5,53,11,112,0,102,0,0,63,34,18,12,15,3,72,1,15,83,115,0,43,6,1,8,0,109,4,61,0,0,119,2,3,6,17,4,0,119,40,34,0,41,10,0,0,0,26,1,0,26,0,31,3,8,0,61,57,27,92,13,18,0,3,93
A01_20,1,0,0,0,0,0,4,0,0,2,0,3,4,0,0,0,4,2,1,1,0,2,4,0,3,1,0,2,1,1,0,3,0,0,2,0,0,1,0,0,1,0,0,0,0,0,0,2,0,0,0,0,0,0,0,0,1,0,0,0,0,0,2,0,2,0,0,3,3,1,1,4,0,1,1,0,0,0,4,0,1,0,0,4,0,1,0,0,0,0,4,0,1,0,0,0,0,0,0,2,0,0,0,0,3,0,1,0,3,0,3,1,0,0,0,0,4
A01_21,83,68,1,5,0,5,70,2,24,35,3,11,177,121,1,0,177,15,40,7,6,121,164,36,142,71,14,7,25,82,108,3,0,0,42,51,0,68,57,0,108,1,0,0,0,5,1,156,2,0,0,26,0,13,91,2,55,0,141,1,0,89,52,28,21,31,13,102,123,31,111,161,2,70,18,5,14,13,150,10,112,0,1,177,2,6,20,2,51,0,177,90,47,0,42,8,0,0,0,39,0,0,17,2,71,36,17,0,78,11,60,118,9,37,0,2,144
A01_22,18,14,0,0,0,0,17,0,3,5,0,1,30,5,1,0,30,15,19,2,1,23,29,9,25,9,5,1,6,18,21,0,0,0,10,7,0,19,13,0,14,0,0,0,0,1,1,27,0,0,0,12,0,2,9,0,16,0,25,0,0,13,3,2,3,1,3,16,15,2,19,27,0,13,4,0,4,0,28,1,16,0,0,30,0,1,1,1,2,0,30,10,8,0,8,1,0,0,0,4,0,0,4,0,7,0,6,0,14,3,5,21,2,12,0,0,26
A01_23,8,5,0,1,0,1,4,11,4,3,0,1,17,13,0,0,17,1,3,1,0,11,15,3,15,7,1,1,2,13,10,0,0,0,3,4,0,4,5,0,13,0,0,0,1,1,1,17,0,0,0,1,0,2,8,0,7,0,15,0,0,12,3,0,0,3,0,5,3,2,12,16,1,11,1,1,9,1,17,2,11,0,0,17,0,1,4,1,2,0,17,10,1,0,7,2,0,0,0,6,0,0,4,0,6,6,1,0,7,2,4,14,2,0,0,1,11
A01_24,32,23,0,4,0,2,35,4,7,12,0,2,69,27,2,0,69,27,38,11,0,43,68,17,59,25,3,4,10,27,38,2,0,0,16,12,0,32,18,0,47,0,0,2,2,1,0,61,0,0,0,15,0,5,22,4,58,0,54,0,0,41,21,10,9,8,5,39,21,10,45,61,1,31,10,0,7,0,61,3,33,0,0,69,2,4,3,6,5,0,69,21,19,1,25,6,0,0,0,16,1,0,13,0,25,9,11,0,38,14,17,48,3,20,0,2,60
A01_3,92,82,1,44,0,1,47,0,26,46,0,0,178,107,2,0,178,38,94,45,0,113,178,38,152,112,8,0,42,100,115,1,0,0,33,30,0,85,72,0,115,0,0,0,0,8,1,169,2,0,2,6,0,17,89,6,173,0,152,1,0,90,46,18,9,15,8,126,1,21,131,168,0,45,13,0,2,1,148,11,92,0,0,178,3,9,6,1,6,0,178,68,61,0,55,12,0,0,0,31,1,0,42,0,40,4,14,0,86,59,41,134,18,81,0,3,142
A01_4,130,100,2,90,0,9,115,8,39,65,1,4,309,182,4,0,308,68,134,56,5,189,301,88,252,165,8,0,36,154,183,0,1,0,58,86,0,127,75,0,206,0,0,1,0,3,2,280,1,0,0,20,0,22,149,19,297,0,264,0,0,184,85,37,28,29,8,167,1,37,176,287,2,137,23,0,9,1,274,9,164,0,0,309,2,13,16,48,13,0,309,144,69,0,116,22,0,0,0,71,3,1,43,0,106,35,29,0,136,57,92,210,15,87,2,3,260
A01_5,111,99,1,47,0,7,121,16,45,54,0,4,265,135,4,0,265,75,122,49,2,174,261,57,204,116,14,1,46,133,151,0,1,0,58,55,0,124,95,0,174,0,0,1,1,8,2,239,3,0,0,42,1,21,108,19,236,1,218,0,0,132,74,34,27,30,11,149,6,43,160,245,1,110,28,1,28,6,229,10,145,0,1,265,2,16,15,23,17,0,264,108,63,0,82,25,0,0,2,54,1,0,34,0,86,46,23,0,113,36,62,187,19,107,0,6,211
A01_6,48,51,2,6,0,0,36,11,23,18,1,0,99,57,2,0,99,28,46,45,0,69,97,28,74,41,6,1,16,59,57,0,0,0,14,16,0,55,49,0,69,0,0,0,3,4,1,86,3,0,0,7,0,8,37,11,85,0,81,0,0,51,22,11,13,17,1,56,1,4,67,95,1,38,7,1,7,2,80,14,62,0,0,99,2,10,4,9,7,0,99,34,26,0,30,13,0,0,0,8,3,0,21,0,31,5,6,0,42,23,11,64,14,16,0,8,62
A01_7,26,39,0,0,0,2,25,0,15,11,0,16,73,0,2,0,73,51,47,2,7,50,64,14,55,41,30,2,15,33,32,26,0,0,22,2,0,37,28,0,52,0,0,0,0,2,1,67,0,0,1,13,0,6,35,0,25,0,54,0,0,7,9,15,7,0,3,33,58,10,43,64,2,38,6,0,2,0,57,3,49,5,0,73,0,2,2,2,1,0,73,0,24,0,26,3,0,0,0,8,0,0,13,0,11,9,15,0,36,9,14,51,7,11,1,2,56
A01_8,119,91,1,17,0,4,78,3,54,17,0,10,208,153,0,0,207,15,5,28,1,151,178,55,165,89,17,0,29,132,145,4,2,0,40,29,0,107,66,0,137,0,0,1,0,6,1,186,1,0,0,31,0,24,103,7,33,0,176,1,0,73,36,32,23,109,18,131,122,21,145,184,6,71,13,22,7,56,178,20,132,0,0,208,8,4,24,10,179,0,208,35,57,0,58,19,0,0,0,37,1,0,29,0,72,28,8,0,108,34,70,137,16,25,1,3,137
A01_9,7,4,0,1,0,1,9,1,0,4,0,0,11,4,0,0,11,4,7,2,0,9,11,4,8,2,2,0,2,6,9,0,0,0,3,4,0,5,5,0,9,0,0,0,0,1,0,8,0,0,0,2,0,2,2,1,10,0,9,0,0,7,3,1,4,1,0,5,2,0,10,11,0,5,0,0,0,0,11,2,6,0,0,11,0,0,0,1,4,0,11,3,3,0,5,2,0,0,0,3,0,0,0,0,8,1,1,0,4,1,1,9,0,3,0,0,10
A02_1,220,177,4,0,12,17,263,0,57,101,2,9,545,282,11,0,545,153,283,0,5,336,528,120,428,234,27,4,100,225,306,5,1,16,113,125,18,277,166,0,325,87,7,37,1,13,4,480,0,3,4,91,15,32,240,0,473,81,427,107,11,278,171,76,66,56,25,300,4,89,296,496,8,230,61,4,20,6,467,9,242,1,25,545,2,48,25,0,51,0,544,196,130,100,175,35,1,0,2,117,6,6,45,20,214,59,66,3,227,75,144,357,8,0,2,2,482
A02_2,188,166,2,1,2,9,138,0,80,75,3,2,375,210,2,1,374,88,165,0,2,261,364,94,314,203,25,2,50,205,237,3,0,45,77,56,38,163,134,0,271,56,1,7,1,8,8,339,4,0,0,22,2,37,170,0,324,45,328,49,2,185,90,50,36,62,9,236,1,40,258,356,1,129,24,7,16,10,321,31,220,0,28,375,5,14,27,1,37,1,375,135,93,64,126,31,17,1,0,64,2,3,64,11,101,16,30,2,172,138,92,274,43,0,1,6,265
A02_3,70,66,2,0,1,2,60,0,29,32,0,3,150,81,1,0,150,36,75,1,2,94,147,41,126,69,4,0,20,84,86,2,0,9,34,29,17,51,64,0,114,48,2,2,0,4,1,137,2,0,0,7,1,12,73,0,132,1,130,23,2,85,30,24,13,18,3,84,0,10,97,142,1,62,9,0,4,3,135,7,95,0,10,150,0,7,0,0,10,0,150,52,37,20,48,13,2,1,0,28,4,5,16,6,63,23,14,1,71,44,29,108,11,0,0,1,114
A02_4,130,104,0,0,0,2,71,0,42,62,1,1,292,188,2,0,291,52,95,1,0,188,287,74,244,194,11,0,38,160,195,0,0,6,52,56,29,134,97,0,201,90,3,5,0,8,1,267,4,0,0,5,12,22,149,0,264,44,249,47,0,166,71,39,25,49,10,174,0,35,199,277,1,110,22,3,11,12,258,15,169,0,17,292,5,7,24,0,31,0,291,135,82,26,95,26,1,1,1,73,2,7,67,4,63,18,22,1,146,83,80,205,28,0,0,2,234
A02_5,60,56,0,0,0,0,15,0,29,18,0,0,101,66,0,0,101,10,12,0,0,67,98,19,83,58,7,0,23,64,75,1,2,11,25,17,11,27,52,2,71,19,2,2,4,6,3,95,1,0,0,1,3,11,43,0,91,6,88,19,0,54,23,10,7,32,2,58,1,6,79,97,0,37,4,3,13,3,87,10,61,0,7,101,5,1,12,0,12,0,101,53,30,8,26,11,2,0,0,20,0,4,40,4,12,7,4,1,46,50,19,73,22,0,1,10,63
A02_6,44,38,2,0,0,0,18,0,24,15,0,2,73,56,2,0,73,7,13,0,0,49,69,14,56,32,4,0,9,51,51,1,0,11,10,16,6,29,31,1,52,8,0,2,2,5,0,66,3,0,0,2,5,8,33,0,33,0,64,16,0,34,11,7,7,21,2,42,0,7,57,71,1,26,4,3,32,5,61,15,53,0,3,73,1,2,11,0,10,0,73,33,17,0,20,11,3,11,0,12,0,2,17,4,16,15,2,1,37,11,16,58,13,0,0,10,34
A02_7,178,154,0,0,15,8,152,0,58,61,0,35,356,192,3,3,356,88,89,1,13,246,319,86,291,154,54,14,48,198,219,29,1,1,79,64,1,159,116,1,236,1,1,123,0,7,1,317,1,0,0,65,0,28,157,1,96,1,289,6,58,143,76,49,43,86,31,211,0,47,231,314,9,143,31,15,23,47,304,21,229,4,122,356,7,8,29,0,156,0,356,107,107,3,104,25,0,3,0,64,2,0,54,21,123,55,35,2,176,43,108,246,16,4,1,5,284
A03_1,886,758,10,292,30,37,713,73,318,362,6,51,0,1067,21,4,1882,434,729,375,22,1235,1806,445,1535,939,131,20,285,982,1164,40,4,99,387,362,119,836,656,4,1263,309,16,177,8,51,18,1695,15,3,4,192,38,150,861,101,1409,178,1567,265,73,941,469,254,194,322,81,1099,356,232,1210,1746,20,734,154,34,119,85,1625,106,1064,5,208,1884,25,87,126,150,304,1,1882,709,494,220,590,151,26,17,3,376,16,27,300,69,589,192,171,11,871,443,487,1315,141,545,5,36,1468
A03_2,886,758,10,292,30,37,713,73,318,362,6,51,1884,1067,21,4,1882,434,729,375,22,1235,1806,445,1535,939,131,20,285,982,1164,40,4,99,387,362,119,836,656,4,1263,309,16,177,8,51,18,1695,15,3,4,192,38,150,861,101,1409,178,1567,265,73,941,469,254,194,322,81,1099,356,232,1210,1746,20,734,154,34,119,85,1625,106,1064,5,208,0,25,87,126,150,304,1,1882,709,494,220,590,151,26,17,3,376,16,27,300,69,589,192,171,11,871,443,487,1315,141,545,5,36,1468
A04_1,24,16,0,1,1,4,25,2,8,5,0,0,51,23,1,3,51,16,4,2,21,35,17,10,36,25,10,4,12,21,21,22,0,0,12,0,0,0,9,0,32,4,0,11,0,1,0,48,0,0,1,7,0,0,24,0,15,0,35,4,16,13,16,6,4,6,3,23,35,8,22,44,0,28,8,13,1,15,43,3,22,2,10,51,0,3,3,3,18,0,51,4,17,0,16,4,0,1,0,15,0,1,2,2,17,0,9,0,25,0,20,29,4,9,1,0,42
A04_2,76,66,1,18,0,4,97,15,36,19,2,0,192,113,3,0,192,29,38,16,1,113,187,47,147,74,14,2,28,97,87,7,1,5,50,0,3,0,61,0,126,35,0,36,1,4,0,166,0,1,0,32,3,17,79,7,115,4,150,46,9,93,49,25,27,45,4,95,55,28,99,183,2,91,16,2,26,8,163,12,117,0,28,192,0,11,17,23,45,1,192,95,50,3,73,17,1,6,0,42,1,3,17,9,73,0,19,1,79,0,41,124,14,59,0,2,146
A04_3,173,136,0,56,7,12,145,16,48,82,0,0,362,253,3,0,362,50,79,56,0,220,353,88,303,166,21,5,38,181,234,1,0,16,61,0,17,0,122,1,233,86,2,51,0,9,5,322,1,1,0,42,15,27,170,17,280,30,311,55,2,212,97,53,43,82,19,223,64,42,225,329,3,131,36,6,25,10,318,18,209,0,29,362,6,18,27,29,64,0,362,190,89,24,114,32,4,4,0,80,3,4,47,12,133,0,30,4,160,0,92,242,21,125,0,2,297
A04_4,388,340,7,134,19,12,313,29,146,168,2,0,836,441,9,1,835,235,402,163,0,564,815,195,676,417,61,8,128,432,520,8,2,55,163,0,42,0,300,2,566,127,10,68,5,22,6,759,7,1,3,90,18,78,390,27,626,85,685,124,37,399,204,118,77,124,35,495,159,104,546,781,10,321,69,10,43,41,716,45,471,2,107,836,9,42,50,51,132,0,835,261,209,82,247,66,10,4,2,162,5,11,128,32,264,0,81,5,373,0,220,592,57,277,4,14,647
A04_5,225,200,2,83,3,5,133,11,80,88,2,0,443,237,5,0,442,104,206,138,0,303,434,105,373,257,25,1,79,251,302,2,1,23,101,0,57,0,164,1,306,57,4,11,2,15,7,400,7,0,0,21,2,28,198,50,373,59,386,36,9,224,103,52,43,65,20,263,43,50,318,409,5,163,25,3,24,11,385,28,245,1,34,443,10,13,29,44,45,0,442,159,129,111,140,32,11,2,1,77,7,8,106,14,102,0,32,1,234,0,114,328,45,75,0,18,336
A05_1,193,168,3,52,15,6,247,7,57,28,1,16,434,0,10,2,434,0,287,88,8,280,416,112,356,165,52,7,72,205,253,19,0,28,1,50,28,235,144,0,312,68,2,15,1,8,4,389,1,3,1,83,10,30,144,10,353,38,353,75,51,203,115,56,47,25,16,248,88,60,265,405,10,179,38,0,15,3,367,18,242,3,15,434,7,24,21,36,25,0,433,100,112,37,146,27,8,1,2,73,5,7,43,27,168,29,50,4,203,104,106,297,14,153,2,8,360
A05_2,507,439,1,188,5,27,288,56,209,283,3,23,1067,0,5,0,1067,0,285,210,13,695,1017,256,871,606,50,5,140,573,672,7,4,57,5,253,69,441,372,2,714,182,10,121,3,28,7,983,12,0,1,48,25,84,570,66,786,107,902,135,0,564,270,150,89,229,50,647,192,122,694,982,9,395,80,28,82,70,927,68,618,0,153,1067,14,42,88,81,230,1,1066,479,283,137,341,85,16,13,1,220,10,12,206,27,300,113,79,4,488,237,284,747,108,282,3,16,799
A05_3,188,153,6,52,10,5,181,10,52,54,2,12,387,5,6,2,387,1,160,77,1,265,379,79,314,173,30,8,76,207,241,14,0,14,0,61,22,163,141,2,242,58,4,42,4,15,7,328,2,0,3,62,4,37,151,25,276,33,318,58,22,179,87,50,60,69,16,209,79,52,256,364,1,163,37,6,22,13,337,20,207,2,40,387,4,21,17,34,50,0,387,132,101,48,106,40,2,3,0,86,1,8,52,16,123,50,44,3,184,101,101,276,20,113,0,12,315
A06_1,826,697,9,277,27,4,653,71,297,336,6,44,1746,982,18,4,1746,405,669,356,19,1148,1677,420,1417,888,116,19,262,919,1088,35,0,95,364,329,115,781,603,4,1173,287,15,161,8,49,15,1570,14,2,3,172,34,143,799,97,1318,168,1457,245,64,888,430,237,183,296,1,1029,314,211,1118,0,20,670,139,30,111,77,1512,99,989,1,184,1746,24,80,120,142,276,1,1745,672,458,210,553,146,24,16,2,353,0,26,285,61,531,183,154,11,811,409,456,1215,136,496,4,34,1360
A06_2,17,20,0,2,0,0,23,0,4,10,0,4,37,27,1,0,37,6,15,9,3,25,33,4,34,10,6,0,8,17,19,2,0,0,5,12,0,12,19,0,27,9,0,5,0,0,2,34,0,0,0,7,1,4,14,0,28,1,31,7,2,17,8,2,4,8,0,23,8,8,21,4,0,15,3,1,5,2,31,6,23,0,4,37,0,1,2,2,8,0,37,10,8,4,8,3,0,1,0,4,0,0,2,2,19,4,9,1,14,5,7,31,2,17,0,0,30
A06_3,7,5,1,2,0,0,10,0,1,3,0,0,16,10,1,0,16,5,11,2,0,8,16,6,13,5,0,0,4,6,6,0,0,3,1,3,1,5,4,0,12,3,0,0,0,0,0,14,1,1,0,2,0,0,3,0,15,1,8,1,0,7,4,3,2,2,1,6,2,2,5,0,0,10,1,0,1,0,12,0,4,0,1,16,0,1,0,4,1,0,16,3,3,2,4,1,1,0,0,3,0,1,3,1,8,1,3,0,7,7,7,9,1,6,0,0,15
A06_4,1,2,0,0,0,0,1,0,0,0,0,2,5,0,1,0,5,3,2,0,0,3,5,0,4,2,1,0,1,3,3,3,0,0,2,0,0,2,0,0,5,0,0,0,0,0,0,5,0,0,1,1,0,0,1,0,1,0,4,0,5,0,1,0,1,0,0,1,4,3,3,1,0,4,2,0,0,0,5,1,4,0,0,5,0,0,0,0,0,0,5,0,4,0,4,0,0,0,0,0,0,0,3,0,0,0,1,0,2,1,0,4,1,1,0,2,5
A06_5,2,1,0,0,0,0,1,0,0,0,0,0,4,4,0,0,4,0,2,0,0,2,4,1,3,2,0,0,0,1,2,0,0,0,0,0,0,2,1,0,1,1,0,0,0,0,0,4,0,0,0,1,0,1,3,2,3,0,2,1,0,2,1,2,0,2,0,1,1,1,3,0,0,3,0,0,0,0,3,0,0,0,2,4,0,0,1,0,1,0,4,0,1,0,1,0,0,0,0,1,0,0,0,0,1,1,0,0,1,1,2,2,0,1,0,0,4
A06_6,39,40,0,10,3,0,30,2,16,15,0,3,81,50,0,0,81,16,33,9,0,55,77,14,71,35,10,1,12,42,52,2,0,1,16,19,3,35,34,0,51,8,1,13,0,2,1,75,0,0,0,11,3,2,44,2,48,8,71,11,3,31,27,11,6,16,0,46,31,8,65,1,0,35,10,4,2,6,69,4,50,0,18,81,1,5,3,3,21,0,80,24,23,6,21,2,1,0,1,16,1,0,9,5,34,4,5,0,40,20,18,60,2,25,1,0,61
A07_1,886,758,10,291,30,37,713,73,318,362,6,51,1882,1067,21,4,0,434,729,374,22,1235,1806,445,1535,939,131,20,285,982,1164,40,4,99,387,362,119,835,656,4,1263,308,16,177,8,51,18,1695,15,3,4,192,38,150,861,101,1409,178,1567,265,73,941,469,254,194,322,81,1099,356,232,1210,1746,20,734,154,34,119,85,1625,106,1064,5,207,1882,25,87,126,150,304,1,1880,709,494,220,590,151,26,17,3,376,16,27,300,69,589,192,171,11,871,442,487,1315,141,545,5,36,1468
A08_1,646,552,7,188,23,25,484,49,221,226,2,35,1235,695,10,2,1235,280,485,261,16,0,1184,310,1024,628,103,14,226,736,837,28,2,69,265,220,83,564,450,2,812,189,10,121,6,38,10,1114,8,1,2,111,17,117,545,67,910,113,1075,174,50,573,250,163,128,226,55,762,246,131,862,1148,10,440,100,25,79,61,1094,93,822,3,151,1235,22,38,96,94,219,1,1234,437,377,141,392,133,13,11,2,214,8,16,202,43,371,113,87,9,620,303,295,920,105,336,1,30,930
A08_2,105,79,1,26,1,3,55,11,33,61,1,4,151,85,2,0,151,27,44,31,3,133,143,37,135,78,31,1,50,95,130,3,0,13,40,32,10,66,70,2,138,22,3,8,1,11,6,130,4,0,0,10,2,49,67,11,123,12,137,25,3,122,26,21,23,43,2,100,25,13,125,146,0,39,6,5,18,7,138,23,129,0,19,151,4,3,18,13,36,0,151,55,82,19,50,0,0,2,0,19,1,4,25,6,40,17,8,2,101,32,24,122,19,35,1,7,98
A08_3,495,359,4,166,13,17,342,34,155,290,2,13,941,564,10,0,941,203,332,185,5,573,913,237,806,483,60,6,150,470,648,6,2,51,179,212,63,399,324,1,657,184,9,89,4,19,14,847,6,2,1,92,24,92,457,54,786,90,813,132,7,0,254,137,100,160,31,557,143,122,635,888,11,371,63,12,52,21,852,44,595,0,73,941,18,43,69,85,146,1,940,424,287,126,320,122,11,12,1,191,7,13,142,41,292,93,80,7,498,224,239,678,70,278,2,15,746
A08_4,202,140,1,62,5,10,108,15,48,0,1,5,362,283,4,2,362,28,153,75,0,226,357,94,316,195,29,1,77,160,247,8,0,18,54,82,22,168,135,1,271,65,4,35,3,5,8,329,5,0,1,17,9,55,180,18,317,46,318,54,11,290,105,65,37,23,15,232,61,41,249,336,2,128,26,3,27,5,332,15,236,0,17,362,9,15,30,32,42,1,361,174,126,50,117,61,4,3,1,78,3,2,70,12,106,19,34,4,194,88,88,271,43,101,2,9,302
A08_5,647,566,4,201,14,27,469,52,241,271,1,32,1263,714,10,1,1263,312,498,271,16,812,1218,308,1097,673,104,9,189,711,844,27,1,69,242,233,88,566,482,4,0,206,13,108,8,28,16,1139,12,2,2,107,33,129,578,71,974,115,1121,174,52,657,278,179,131,219,51,793,236,124,905,1173,11,447,73,18,101,55,1093,83,848,5,137,1263,24,38,108,114,207,1,1262,467,345,144,419,138,23,13,1,238,12,19,210,47,367,126,96,9,621,306,295,953,104,325,2,26,949
A08_6,95,75,1,22,2,4,63,8,33,55,0,0,150,84,3,0,150,30,56,37,0,117,146,34,128,64,33,0,43,76,116,3,1,8,37,27,5,78,70,0,129,22,1,13,4,6,7,134,1,0,1,16,6,0,57,11,119,17,132,21,6,92,35,24,16,29,2,103,28,16,115,143,1,42,7,3,21,9,134,16,117,0,24,150,8,4,19,12,33,0,150,54,70,13,42,49,0,2,0,23,0,3,27,5,49,17,14,2,91,28,33,128,16,32,1,7,101
A08_7,2,2,0,0,0,0,2,0,0,2,0,1,5,3,0,0,5,2,2,1,1,1,3,1,5,1,1,0,2,0,4,2,0,0,0,0,0,4,2,0,2,2,0,0,0,0,1,5,0,0,0,2,0,1,3,1,4,0,4,0,1,2,3,0,0,0,1,2,1,0,3,4,0,3,0,1,0,0,5,0,2,0,1,5,1,0,0,0,1,0,5,1,2,1,2,1,0,0,0,2,0,0,0,0,2,0,2,0,3,0,1,4,0,2,0,0,5
A09_1,647,554,8,264,16,28,526,33,216,317,4,15,1409,786,19,1,1409,353,640,324,8,910,1384,331,1171,734,67,3,220,701,868,8,3,85,276,280,112,626,494,3,974,297,16,55,7,34,16,1266,10,3,4,124,35,119,642,91,0,173,1183,236,25,786,373,195,148,173,48,819,96,176,903,1318,10,558,117,7,53,17,1230,63,752,1,33,1409,17,76,81,132,86,1,1407,573,371,211,453,123,18,7,3,287,15,23,236,58,433,115,134,10,644,373,350,1000,106,473,4,22,1134
A09_2,179,132,1,31,2,8,119,10,68,42,0,18,304,230,0,0,304,25,18,37,7,219,266,79,255,131,24,1,47,187,218,5,1,7,50,64,4,132,96,0,207,13,1,51,2,9,4,268,4,0,0,44,6,33,149,12,86,6,260,17,1,146,58,49,39,139,21,188,156,32,207,276,7,108,20,24,11,60,266,30,198,0,179,304,11,4,34,10,0,0,304,84,91,7,90,36,1,2,0,58,1,1,34,5,110,45,11,4,160,45,98,208,19,51,1,6,210
A09_3,614,533,3,169,16,23,392,53,222,236,0,22,1064,618,2,1,1064,242,362,220,11,822,1022,281,926,566,92,3,162,662,756,21,0,62,207,209,61,471,447,3,848,164,9,112,4,36,15,956,8,1,1,83,20,117,490,61,752,92,981,145,49,595,198,157,115,217,50,705,229,70,818,989,12,330,51,19,81,51,923,85,0,4,132,1064,24,16,94,95,198,1,1063,415,321,117,345,129,16,11,1,173,4,17,181,33,297,117,54,6,547,245,226,847,104,242,2,26,766
A09_4,81,84,1,11,5,6,48,4,28,29,0,10,131,50,0,0,131,52,53,25,5,103,121,26,112,64,0,0,25,87,95,15,0,6,30,21,6,61,74,1,104,8,3,14,1,5,5,117,0,0,1,10,2,33,66,7,67,8,123,14,30,60,18,19,15,19,10,88,54,9,99,116,1,39,8,4,14,9,107,19,92,1,17,131,7,2,20,4,24,0,131,36,53,8,33,31,0,1,0,12,0,3,18,3,38,14,10,2,66,25,17,108,19,27,1,4,87
A09_5,11,10,0,1,1,2,6,0,4,8,0,0,18,7,0,0,18,4,6,8,0,10,16,4,16,10,5,0,9,10,13,1,0,1,7,5,3,6,12,0,16,2,1,1,0,1,0,17,1,0,0,2,1,7,8,3,16,1,16,2,1,14,6,2,1,4,1,12,1,2,15,15,0,5,0,2,1,1,18,1,15,0,1,18,4,0,3,1,4,0,18,6,9,2,4,6,0,1,0,2,0,0,3,0,5,0,0,0,13,7,2,16,1,4,1,0,13
A09_6,21,18,0,5,0,0,7,1,12,9,0,0,25,14,0,0,25,7,7,5,0,22,24,4,25,12,7,1,8,20,23,1,0,2,4,6,2,9,15,0,24,2,0,2,1,1,4,23,0,0,0,5,0,8,11,5,17,3,25,2,0,18,3,2,2,11,1,20,7,2,23,24,0,4,1,1,5,0,22,2,24,0,8,25,0,0,14,0,11,0,25,6,15,0,4,4,1,0,0,1,0,1,6,2,2,0,0,0,15,10,5,22,4,2,1,2,11
A09_7,88,72,0,24,1,2,36,11,43,30,1,3,126,88,0,0,126,21,29,27,0,96,119,26,98,69,20,0,14,89,103,1,1,4,17,27,6,50,63,0,108,16,0,20,1,4,3,114,1,0,0,1,3,19,62,12,81,6,118,15,2,69,21,14,12,39,3,87,29,9,101,120,3,35,5,4,12,10,111,10,94,0,24,126,14,0,0,0,34,0,126,47,47,13,34,18,5,4,0,19,0,4,27,3,31,17,2,0,69,29,25,93,20,25,0,5,74
A09_8,69,67,0,11,4,5,45,32,37,27,1,1,119,82,0,0,119,15,33,16,0,79,116,24,99,61,14,0,24,84,83,1,0,7,22,25,8,43,69,3,101,9,1,14,3,8,1,110,2,0,0,11,3,21,47,13,53,2,107,28,2,52,18,11,10,25,2,72,23,12,89,111,1,38,6,2,0,4,99,17,81,0,7,119,5,5,12,4,11,0,119,56,33,4,24,18,8,9,0,12,1,4,23,7,21,26,6,0,58,24,20,88,22,20,0,6,66
A09_9,6,3,0,0,1,0,12,0,2,1,0,4,20,5,1,2,20,7,11,2,0,14,20,2,15,6,0,0,4,4,5,4,0,1,8,5,0,8,2,0,9,0,0,7,0,0,0,17,0,0,0,7,0,0,6,0,3,0,10,1,2,6,12,1,3,0,1,8,14,5,5,19,0,12,4,0,0,0,18,0,3,0,0,20,1,3,0,0,1,0,20,5,7,1,6,1,0,1,0,7,0,0,2,4,6,2,2,0,11,1,8,10,1,4,0,0,18
A0_1,885,756,10,291,30,37,712,73,318,361,6,51,1882,1066,21,4,1880,433,727,375,22,1234,1804,445,1535,939,131,20,284,981,1163,40,4,99,387,362,119,835,654,4,1262,309,16,177,8,51,18,1693,15,3,4,192,38,150,860,101,1407,178,1565,264,73,940,468,254,194,322,80,1098,356,232,1208,1745,20,733,154,34,119,85,1623,106,1063,5,208,1882,25,87,126,150,304,1,0,709,494,219,590,151,26,17,1,376,16,27,300,69,587,192,171,11,870,442,487,1313,141,544,5,36,1466
A0_3,2,3,0,1,0,0,1,0,0,1,0,0,3,1,0,0,3,2,3,0,0,2,3,1,1,1,0,0,1,1,2,0,0,0,0,0,0,2,2,0,1,0,0,0,0,0,0,3,0,0,0,0,0,0,2,0,3,0,3,2,0,1,2,0,0,0,1,2,0,0,3,2,0,2,0,0,0,0,3,0,1,0,0,3,0,0,0,0,0,0,1,0,1,1,1,0,0,0,0,0,0,0,0,0,2,0,0,0,2,1,1,3,0,2,0,0,3
A10_1,72,52,3,5,12,7,180,2,10,17,3,7,192,48,9,0,192,83,95,22,3,111,178,41,141,2,10,7,36,63,93,6,1,7,62,42,5,90,52,0,107,20,2,26,0,7,2,169,0,0,1,0,1,16,11,1,124,6,133,42,13,92,66,25,25,27,11,94,65,35,91,172,4,89,24,7,11,10,162,4,83,1,31,192,5,23,1,7,44,0,192,55,42,7,55,10,2,1,0,43,2,2,2,15,1,32,32,2,86,21,60,120,0,91,2,0,179
A10_2,246,192,5,63,7,19,354,16,74,106,1,17,589,300,7,3,589,168,250,101,11,371,562,131,466,7,38,6,100,232,344,9,1,31,123,133,31,264,173,1,367,106,8,71,0,14,5,524,0,3,1,1,14,49,234,12,433,40,477,86,11,292,181,88,67,85,34,320,123,99,335,531,9,256,80,7,21,29,520,10,297,0,72,589,2,44,31,63,110,0,587,217,157,58,162,40,4,6,2,131,8,9,8,25,0,73,87,8,246,102,174,381,1,214,2,0,511
A10_3,475,411,0,194,9,10,172,32,183,195,2,25,939,606,4,1,939,165,339,203,8,628,907,242,795,0,64,6,115,560,614,23,2,41,173,166,67,417,338,1,673,165,4,71,0,17,10,855,0,0,2,2,19,64,583,58,734,112,817,116,41,483,211,123,88,171,35,591,154,93,659,888,7,336,48,17,61,39,811,51,566,2,89,939,12,17,69,69,131,1,939,370,238,144,333,78,17,7,1,186,5,14,195,25,7,74,51,2,450,257,230,687,4,234,1,0,711
A10_4,80,89,1,28,2,2,12,13,47,43,0,4,141,108,0,0,141,14,40,43,0,105,137,34,122,4,19,1,30,105,98,4,0,14,20,21,13,57,79,1,104,15,2,9,0,9,1,131,10,0,1,0,5,16,40,22,106,18,121,19,7,70,14,22,13,33,2,85,16,4,108,136,0,49,4,4,22,7,117,27,104,1,16,141,4,3,20,11,19,0,141,57,51,11,36,19,2,2,0,14,1,2,81,3,1,14,3,0,79,45,24,111,0,8,0,0,69
A10_5,22,26,1,2,0,0,3,10,8,9,0,0,36,16,1,0,36,8,10,6,0,30,36,3,26,0,4,0,9,32,26,0,0,8,12,2,3,14,23,1,26,3,0,2,8,4,0,30,5,0,0,0,0,7,4,10,22,3,32,6,2,15,2,1,6,8,0,23,5,2,30,34,0,9,0,0,6,2,30,17,26,2,3,36,2,0,5,1,6,0,36,16,15,1,9,7,1,1,0,5,0,0,16,2,0,2,0,0,18,18,3,29,0,2,0,0,11
A11_1,307,262,6,71,17,23,0,18,94,108,3,25,713,288,11,4,713,247,329,138,11,484,675,169,571,172,48,12,115,335,407,21,1,36,181,145,37,313,233,0,469,115,9,70,0,16,6,637,0,2,2,180,7,63,9,15,526,47,573,121,25,342,183,107,78,105,30,410,152,109,436,653,10,286,78,17,45,31,607,27,392,1,78,713,7,47,36,60,119,0,712,228,159,76,226,55,9,4,1,134,10,16,1,35,354,97,84,9,299,133,177,480,12,263,2,3,597
A11_2,413,344,4,149,9,14,9,33,150,180,2,24,861,570,7,0,861,144,302,170,11,545,829,199,704,583,66,6,120,454,548,16,3,37,151,170,53,390,303,1,578,149,5,91,0,24,8,778,0,1,3,11,27,57,0,43,642,89,730,108,35,457,225,114,87,160,44,514,157,100,550,799,9,323,64,12,47,42,748,50,490,1,103,861,11,34,62,73,149,1,860,344,243,108,255,67,10,8,2,196,3,9,5,22,234,79,70,2,414,198,244,608,40,240,3,4,667
A11_3,164,145,0,67,4,2,1,17,72,70,1,2,300,206,3,0,300,43,97,64,0,202,295,81,257,195,18,2,47,188,206,3,0,21,52,47,26,128,113,2,210,43,2,17,0,6,3,276,0,0,0,2,4,27,5,40,236,42,261,34,13,142,63,34,27,55,9,177,54,24,220,285,1,123,13,4,23,9,266,22,181,3,29,300,6,6,27,16,34,0,300,136,90,40,110,25,7,4,0,47,3,2,0,13,8,17,15,0,155,106,69,222,81,45,0,16,210
A11_4,5,11,0,4,0,0,0,3,3,5,0,0,15,12,0,0,15,1,5,4,0,8,14,2,12,0,0,0,5,9,8,0,0,3,2,1,3,7,12,0,12,1,0,2,0,4,1,13,0,0,0,0,0,1,0,1,10,2,12,3,0,6,2,2,2,3,0,7,1,0,9,14,0,4,0,1,2,3,11,6,8,0,1,15,0,0,1,2,4,0,15,4,6,0,2,4,0,0,0,2,1,0,0,0,0,0,2,0,10,7,1,12,10,0,0,5,6
A11_5,6,7,0,0,0,0,0,2,1,3,0,0,8,3,0,0,8,1,3,1,0,6,8,0,6,0,1,0,3,8,6,0,0,3,4,0,0,5,6,1,8,0,0,0,0,1,0,6,0,0,0,0,0,4,0,4,7,0,6,1,0,4,0,0,2,1,0,6,0,0,8,8,0,1,0,0,3,1,7,5,4,0,0,8,1,0,1,0,2,0,8,3,2,0,1,1,0,1,0,1,0,0,0,2,0,1,0,0,3,2,1,8,0,1,0,8,2
A12_1,642,488,8,234,26,30,597,34,4,302,4,42,1468,799,20,4,1468,360,630,265,19,930,1411,367,1187,711,87,18,212,667,880,32,4,62,315,297,93,647,435,3,949,260,13,144,2,27,13,1328,6,3,4,179,28,101,667,63,1134,142,1202,211,56,746,425,207,146,204,61,810,284,213,885,1360,16,635,143,22,66,55,1299,6,766,5,137,1468,11,85,74,114,210,1,1466,550,375,173,473,98,21,11,3,331,15,19,210,60,511,146,164,10,673,336,424,991,69,482,5,11,0
A12_2,187,183,0,42,3,4,94,24,0,48,1,8,318,209,1,0,318,57,83,80,3,221,304,72,267,183,28,2,56,227,217,8,0,23,52,48,22,146,144,0,241,39,3,24,1,12,4,282,3,0,0,10,6,33,150,29,216,26,277,45,15,155,41,43,38,88,16,221,58,19,237,297,3,85,11,8,37,22,254,0,222,0,54,318,12,2,43,29,68,0,318,117,91,39,105,33,3,4,0,43,1,6,72,7,74,36,6,0,160,80,59,233,47,57,0,8,4
A12_3,66,96,2,15,1,6,27,15,0,15,1,3,106,68,0,0,106,18,19,31,0,93,100,8,89,51,19,0,20,98,76,2,0,14,20,18,4,45,84,1,83,9,0,10,5,12,1,95,6,0,0,4,4,16,50,10,63,11,97,10,3,44,4,4,14,33,4,77,21,0,98,99,1,17,2,5,17,9,81,0,85,1,20,106,2,0,10,7,30,0,106,44,34,9,14,23,2,2,0,2,0,2,22,3,10,12,1,2,44,28,5,100,27,9,0,17,6
A13_1,800,683,7,267,27,34,637,66,282,329,6,48,1695,983,19,2,1695,389,644,339,20,1114,1627,390,1385,855,117,17,254,887,1056,36,4,86,328,322,107,759,585,4,1139,280,15,156,6,46,17,0,13,3,4,169,34,134,778,95,1266,169,1414,239,67,847,422,228,7,297,75,997,317,211,1095,1570,18,654,134,30,110,77,1469,95,956,5,186,1695,23,74,114,137,268,1,1693,644,452,194,532,130,26,17,3,352,14,23,276,61,524,166,153,8,796,400,451,1188,131,480,5,30,1328
A13_2,92,80,3,25,3,4,78,7,38,37,0,4,194,89,2,2,194,47,87,36,2,128,186,57,156,88,15,3,34,101,114,5,0,13,60,43,12,77,74,0,131,28,1,21,2,6,1,7,2,0,0,25,6,16,87,7,148,9,160,27,7,100,49,26,0,26,6,108,43,22,122,183,2,83,23,4,10,8,163,14,115,1,23,194,2,13,12,13,39,0,194,68,47,26,60,23,0,0,0,25,2,4,27,9,67,27,19,4,79,43,38,133,13,66,0,6,146
A14_1,16,14,1,3,0,1,17,3,8,3,0,13,34,28,0,0,34,0,1,7,0,25,0,7,24,17,4,0,6,20,19,8,0,1,6,6,1,10,13,1,18,0,0,5,0,2,2,30,1,0,0,7,0,3,12,3,7,0,24,1,0,12,6,6,4,0,4,21,15,4,17,30,0,12,2,0,2,25,28,5,19,0,22,34,1,1,4,0,24,0,34,0,7,2,8,5,1,1,0,9,0,0,4,0,7,2,3,0,18,3,11,19,4,4,1,0,22
A14_2,13,10,0,0,1,3,11,0,3,0,0,21,22,13,0,0,22,8,1,2,0,16,0,4,16,8,5,0,4,11,10,7,0,0,1,0,0,0,5,0,16,5,0,6,0,0,0,20,0,0,0,3,0,0,11,0,8,0,16,2,7,5,4,2,2,5,0,8,13,2,10,19,0,14,5,0,0,5,18,0,11,0,1,22,0,2,0,2,7,0,22,4,9,0,8,3,0,0,0,4,0,1,0,0,11,1,5,0,9,0,4,14,0,5,1,0,19
A14_3,8,7,0,1,0,0,10,1,3,2,0,0,20,9,0,0,20,10,3,1,0,10,0,5,15,7,1,0,3,9,12,1,0,1,1,3,0,10,3,0,11,2,0,2,0,0,0,18,0,0,0,4,1,1,9,0,10,0,17,1,2,11,5,2,2,5,0,13,9,4,11,20,0,7,4,0,1,1,18,1,12,0,6,20,0,0,3,1,7,0,20,10,5,3,10,0,0,1,0,4,0,0,1,1,9,2,4,0,8,5,3,12,0,8,0,0,16
A14_4,849,727,9,287,29,33,675,69,304,357,6,17,1806,1017,21,4,1806,416,724,364,0,1184,0,429,1480,907,121,20,272,942,1123,24,4,97,379,353,118,815,635,3,1218,301,16,164,8,49,16,1627,14,3,4,178,37,146,829,98,1384,178,1510,261,64,913,454,244,186,312,77,1057,319,222,1172,1677,0,701,143,0,116,54,1561,100,1022,5,178,1806,24,84,119,147,266,1,1804,695,473,215,564,143,25,15,3,359,16,26,295,68,562,187,159,11,836,434,469,1270,137,528,3,36,1411
B01_1,19,18,0,0,0,2,21,1,8,8,0,22,40,7,1,3,40,19,1,3,7,28,24,10,30,23,15,4,11,17,22,0,0,0,14,1,0,8,13,0,27,0,0,3,0,2,1,36,0,0,1,6,0,3,16,1,8,1,29,0,26,6,9,3,5,0,2,18,29,5,22,35,1,21,3,8,1,0,35,2,21,3,4,40,1,2,1,2,5,0,40,0,14,1,14,3,1,0,0,7,0,0,3,2,9,7,12,0,24,2,13,23,4,5,2,0,32
B01_2,40,42,1,12,0,2,31,5,22,5,0,15,85,70,0,0,85,3,1,10,5,61,54,17,62,39,9,0,9,59,51,0,0,2,13,10,0,41,26,1,55,1,0,13,1,6,1,77,3,0,0,10,1,9,42,3,17,1,67,6,0,21,12,13,8,1,6,52,47,8,56,77,1,27,9,25,4,0,69,9,51,0,56,85,0,2,10,3,60,0,85,0,16,2,23,7,1,1,0,16,0,1,9,0,29,8,1,0,43,11,26,56,7,6,0,2,55
B01_3,172,151,1,49,1,8,105,21,88,23,1,6,322,229,1,0,322,25,0,62,5,226,312,81,269,171,19,0,33,206,210,0,2,17,69,82,15,124,116,1,219,29,3,31,1,11,4,297,3,0,0,27,7,29,160,32,173,15,276,30,0,160,58,47,26,0,16,211,86,31,219,296,5,100,16,0,25,1,274,33,217,0,109,322,11,6,39,18,139,0,322,0,82,40,110,43,8,3,0,53,2,5,55,8,85,45,10,1,147,65,79,220,33,56,0,8,204
B01_4,348,268,1,135,10,10,228,33,117,174,3,4,709,479,6,0,709,100,0,135,4,437,695,176,574,370,36,5,97,378,467,0,0,34,132,190,40,261,234,0,467,144,6,90,3,17,6,644,4,1,0,55,17,54,344,53,573,68,609,108,0,424,178,98,68,0,24,410,107,85,477,672,10,282,58,0,56,0,620,44,415,0,35,709,6,29,47,52,84,1,709,0,178,107,225,55,9,10,0,157,3,10,136,21,217,95,55,3,336,159,196,507,57,196,1,16,550
B01_5,309,281,7,95,19,15,329,13,83,153,2,4,729,285,13,1,729,287,0,165,1,485,724,162,603,339,53,11,136,324,416,1,2,46,160,79,64,402,269,2,498,134,7,40,3,15,6,644,5,2,3,95,13,56,302,12,640,94,589,122,47,332,213,93,87,0,33,411,89,103,439,669,3,304,68,1,33,1,630,19,362,2,5,729,7,48,29,75,18,0,727,0,206,70,219,44,7,3,3,144,11,11,97,38,250,38,93,7,323,206,174,512,40,283,2,10,630
B02_1,831,631,10,258,28,31,607,61,254,332,6,43,1625,927,17,4,1625,367,630,321,18,1094,1561,399,1363,811,107,18,273,847,1078,35,3,80,337,318,109,716,536,4,1093,274,14,150,7,37,18,1469,11,2,4,162,33,134,748,87,1230,148,1374,229,57,852,414,214,163,274,69,937,304,208,1048,1512,18,653,134,28,99,69,0,81,923,5,178,1625,22,73,111,135,266,1,1623,620,473,191,517,138,19,17,3,330,12,23,266,61,520,163,148,11,798,385,443,1137,117,467,5,30,1299
B02_2,0,433,2,130,18,17,307,44,187,202,0,24,886,507,5,1,886,193,309,188,13,646,849,222,777,475,81,6,194,549,762,19,2,48,188,173,59,388,339,2,647,130,7,83,6,23,11,800,5,1,1,72,18,95,413,60,647,92,826,111,26,495,182,113,92,172,39,598,178,73,710,826,8,270,43,16,69,40,831,66,614,1,119,886,21,13,88,70,179,1,885,348,380,101,283,105,10,8,2,152,7,12,164,32,246,76,43,7,579,225,227,682,80,220,2,22,642
B02_3,762,535,3,195,21,19,407,51,217,247,1,21,1164,672,6,0,1164,253,416,237,10,837,1123,287,1023,614,95,5,222,683,0,22,2,57,241,234,86,520,426,3,844,183,8,108,6,29,13,1056,8,0,1,93,28,116,548,75,868,115,1078,151,32,648,261,151,114,210,52,760,219,111,910,1088,12,380,71,19,83,51,1078,76,756,3,145,1164,23,28,103,86,218,0,1163,467,406,140,367,130,16,10,2,213,6,16,206,38,344,87,72,9,693,302,308,880,98,306,4,26,880
B02_4,826,689,5,249,25,31,573,64,277,318,1,35,1567,902,8,0,1567,353,589,328,16,1075,1510,387,1374,817,123,10,236,863,1078,29,2,81,318,311,102,685,579,3,1121,264,13,141,6,37,16,1414,12,2,3,133,37,132,730,88,1183,152,0,218,54,813,369,222,160,276,71,971,289,165,1109,1457,17,565,104,24,107,67,1374,97,981,4,176,1567,25,44,118,130,260,1,1565,609,443,183,495,137,22,15,3,297,8,23,261,54,477,150,119,9,758,386,398,1161,121,427,4,32,1202
B02_5,710,629,4,199,19,21,436,57,237,249,0,22,1210,694,9,1,1210,265,439,258,10,862,1172,297,1036,659,99,5,201,747,910,22,3,67,256,225,83,546,510,4,905,176,11,111,8,44,15,1095,9,0,3,91,26,115,550,79,903,131,1109,160,43,635,250,154,122,219,65,804,231,92,0,1118,11,370,59,17,89,56,1048,98,818,3,145,1210,23,18,101,97,207,0,1208,477,356,139,373,125,19,12,3,185,5,15,220,45,335,99,62,10,620,318,275,1040,108,296,3,30,885
B03_1,194,121,3,38,6,8,115,9,56,77,4,12,285,140,4,1,285,72,136,50,4,226,272,45,231,115,25,4,0,150,222,11,0,16,76,38,15,128,115,0,189,36,2,25,3,11,9,254,5,0,2,36,6,43,120,23,220,42,236,46,15,150,65,36,34,33,12,166,48,40,201,262,3,106,33,6,24,9,273,20,162,1,29,285,8,18,14,20,47,0,284,97,197,28,69,50,3,2,1,68,4,2,47,10,100,28,38,2,198,79,72,214,30,100,2,9,212
B03_2,380,217,1,82,8,8,159,17,91,126,1,17,494,283,1,1,494,112,206,93,9,377,473,113,431,238,53,7,197,288,406,14,1,26,101,89,34,209,189,1,345,69,3,47,2,14,9,452,6,0,1,42,12,70,243,30,371,61,443,63,24,287,113,68,47,82,23,317,107,60,356,458,5,165,38,7,33,16,473,34,321,4,57,494,15,11,47,37,91,1,494,178,0,53,149,82,5,1,1,101,3,7,90,19,157,50,30,3,366,129,124,367,51,130,2,15,375
B03_3,579,366,3,146,14,14,299,37,160,194,3,25,871,488,6,3,871,203,323,172,9,620,836,202,759,450,66,11,198,485,693,24,1,42,184,160,61,373,297,1,621,136,10,78,3,25,13,796,10,3,1,86,18,91,414,46,644,86,758,113,36,498,208,117,79,147,40,556,176,107,620,811,8,293,57,18,58,43,798,44,547,2,108,871,15,29,69,71,160,1,870,336,366,99,261,101,8,7,2,177,7,9,155,38,246,79,62,4,0,234,262,619,79,227,3,18,673
B03_4,777,651,6,244,25,34,571,56,267,316,2,36,1535,871,14,3,1535,356,603,314,16,1024,1480,379,0,795,112,15,231,819,1023,30,3,74,314,303,108,676,558,4,1097,252,15,142,6,34,16,1385,12,1,3,141,33,128,704,83,1171,152,1374,204,55,806,372,223,156,269,71,944,291,179,1036,1417,15,564,104,24,99,62,1363,89,926,4,165,1535,25,47,98,126,255,0,1535,574,431,186,497,135,22,15,1,295,13,21,257,59,466,147,122,8,759,373,385,1097,122,428,5,26,1187
B03_5,682,648,6,205,21,31,480,58,233,271,1,29,1315,747,12,1,1315,297,512,274,14,920,1270,309,1097,687,108,10,214,773,880,23,2,64,276,242,92,592,544,4,953,210,13,118,8,44,16,1188,12,1,3,120,31,128,608,73,1000,134,1161,187,51,678,294,168,133,220,60,843,246,110,1040,1215,12,435,69,19,88,56,1137,100,847,4,137,1315,22,40,93,108,208,0,1313,507,367,154,408,122,19,14,3,221,9,15,222,48,381,124,81,9,619,328,301,0,111,357,4,29,991
B04_1,5,5,2,2,1,1,11,2,1,4,0,1,21,5,0,0,21,10,13,2,0,10,21,2,14,4,0,1,4,1,6,1,0,2,6,3,1,9,9,0,10,4,1,1,0,3,0,19,0,0,2,9,0,3,7,0,19,2,8,4,2,10,0,0,2,1,0,3,3,5,9,18,0,14,5,0,0,0,17,0,2,1,0,21,0,9,0,1,0,0,21,6,1,1,5,2,0,0,0,1,1,0,3,2,7,3,1,0,6,5,1,12,0,11,0,1,20
B04_2,43,21,4,22,6,9,84,2,6,34,2,9,171,79,1,1,171,50,93,30,5,87,159,33,122,51,10,2,38,1,72,12,0,6,44,30,8,81,31,0,96,29,2,17,0,3,0,153,2,1,1,32,4,14,70,4,134,14,119,23,15,80,4,0,19,10,5,73,35,47,62,154,4,96,38,3,6,1,148,1,54,1,8,171,0,29,2,14,11,0,171,55,30,17,46,8,5,1,0,46,3,4,15,11,87,19,0,1,62,32,57,81,3,66,2,0,164
B04_3,182,92,1,71,3,8,183,11,41,105,2,16,469,270,0,2,469,115,213,90,4,250,454,108,372,211,18,12,65,3,261,9,1,22,87,97,34,204,101,0,278,85,2,52,0,7,6,422,2,1,1,66,10,35,225,23,373,46,369,74,9,254,0,3,49,58,27,244,76,91,250,430,5,221,53,6,18,12,414,4,198,1,36,469,3,32,21,30,58,0,468,178,113,59,152,26,9,3,2,156,4,4,63,21,181,49,4,3,208,103,172,294,14,171,3,2,425
B04_4,113,71,1,39,2,2,107,7,43,65,0,6,254,150,0,0,254,56,93,50,2,163,244,86,223,123,19,1,36,3,151,3,2,11,50,53,18,118,64,1,179,37,8,28,0,5,2,228,2,0,1,25,5,24,114,10,195,18,222,34,15,137,3,0,26,47,11,150,49,36,154,237,2,99,12,6,11,13,214,4,157,0,32,254,2,9,14,24,49,0,254,98,68,34,103,21,1,0,0,57,3,2,34,10,88,25,0,1,117,52,76,168,22,76,0,1,207
B04_5,549,577,4,160,18,17,335,51,227,160,2,21,982,573,1,1,982,205,324,205,11,736,942,222,819,560,87,4,150,0,683,17,1,59,207,181,60,432,460,3,711,154,3,82,8,35,10,887,9,1,2,63,20,76,454,64,701,100,863,133,33,470,3,3,101,206,42,641,198,56,747,919,9,310,48,20,84,59,847,98,662,3,132,982,20,10,89,84,187,1,981,378,288,112,291,95,11,13,1,122,6,17,188,27,232,97,1,6,485,251,186,773,105,225,0,32,667
B05_1,1,2,1,0,0,0,2,0,0,1,0,1,4,1,2,0,4,1,3,0,0,2,4,1,3,2,1,0,2,2,1,1,0,0,3,0,0,3,2,0,2,0,0,0,0,1,0,4,0,0,0,1,0,1,3,0,4,2,3,0,1,1,1,1,0,0,0,1,0,0,3,3,0,0,0,0,0,0,4,0,1,1,0,4,0,2,0,0,0,0,4,0,1,1,2,0,0,0,0,1,0,0,0,0,1,0,1,0,1,0,1,3,1,4,0,0,4
B05_2,0,1,0,1,0,0,3,0,1,1,0,0,6,3,0,0,6,1,2,3,0,2,6,0,2,2,0,0,4,2,1,0,0,1,2,0,1,2,1,0,1,1,0,3,0,0,0,6,0,0,0,3,0,0,2,0,4,0,1,0,0,2,2,0,0,1,0,0,0,4,0,6,0,0,2,0,1,0,6,1,0,0,0,6,0,1,1,0,0,0,6,3,1,0,1,1,0,0,0,0,0,0,1,0,1,2,2,0,3,2,2,1,0,2,0,0,4
B05_3,270,213,6,110,13,15,286,26,85,128,0,28,734,395,14,1,734,179,304,129,14,440,701,161,564,336,39,12,106,310,380,21,3,38,163,131,43,321,193,2,447,137,7,70,1,0,5,654,4,1,0,89,13,42,323,37,558,45,565,110,38,371,221,99,83,100,35,9,143,124,370,670,7,0,91,12,38,27,653,17,330,4,71,734,4,57,35,62,108,0,733,282,165,83,223,39,12,11,2,184,10,8,123,31,256,91,96,5,293,163,228,435,49,230,3,9,635
B05_4,598,513,3,174,16,23,410,42,221,232,0,23,1099,647,3,3,1099,248,411,236,8,762,1057,284,944,591,88,8,166,641,760,18,1,56,209,223,72,495,432,2,793,167,9,102,6,1,12,997,7,2,1,94,26,103,514,58,819,126,971,149,33,557,244,150,108,211,46,0,211,103,804,1029,13,9,62,21,72,52,937,77,705,1,131,1099,20,26,87,84,188,1,1098,410,317,132,357,100,13,5,2,188,6,18,177,39,320,95,73,5,556,263,259,843,85,300,2,23,810
B05_5,23,37,1,8,1,0,16,5,12,5,0,1,51,28,3,0,51,8,15,8,0,38,49,5,34,17,5,0,11,35,29,2,0,4,15,9,4,22,33,0,28,3,0,5,1,0,1,46,4,0,1,7,0,6,24,6,34,8,37,8,2,19,7,5,6,11,2,1,7,2,44,49,0,0,1,2,8,6,37,12,36,0,6,51,1,2,4,4,9,0,51,17,14,5,13,11,1,1,0,6,0,1,6,1,14,4,3,1,25,15,4,44,9,13,0,4,27
B06_1,2,2,0,0,0,0,6,2,0,1,0,0,10,1,2,0,10,3,7,2,0,7,9,0,6,0,1,0,3,4,3,0,0,2,6,0,1,7,1,0,4,2,0,1,0,1,0,7,0,0,1,3,0,1,4,0,8,1,5,1,0,4,1,1,3,1,0,3,0,1,4,9,0,6,0,1,0,1,10,2,3,0,1,10,0,6,0,2,1,0,10,1,1,0,0,1,0,0,0,2,1,1,0,0,5,1,4,0,3,2,0,6,1,4,0,1,8
B06_2,43,17,0,22,4,3,78,4,11,26,2,8,154,80,5,1,154,38,68,24,5,100,143,10,104,48,8,4,33,48,71,3,0,7,37,36,6,69,0,0,73,23,0,18,0,1,0,134,0,0,0,24,2,7,64,4,117,13,104,28,6,63,53,12,23,16,10,62,31,66,59,139,4,91,0,2,6,9,134,2,51,2,13,154,1,36,5,9,20,0,154,58,38,18,1,6,1,1,0,27,1,4,13,10,80,16,38,0,57,25,2,69,4,61,0,0,143
B06_3,227,79,0,80,5,7,177,16,59,88,2,20,487,284,1,3,487,106,174,92,4,295,469,91,385,230,17,8,72,186,308,13,2,11,101,92,27,220,3,1,295,92,2,60,1,4,2,451,1,3,1,60,13,33,244,19,350,41,398,62,14,239,172,76,38,79,18,259,108,105,275,456,3,228,2,11,20,26,443,5,226,0,70,487,5,18,25,29,98,0,487,196,124,54,5,24,4,4,1,204,7,6,69,17,174,41,57,1,262,114,0,301,24,144,1,3,424
B06_4,283,151,0,95,8,8,226,20,105,117,1,16,590,341,5,0,590,146,219,126,8,392,564,281,497,333,33,6,69,291,367,14,1,30,106,114,41,247,3,1,419,116,6,42,1,13,4,532,2,0,2,55,8,42,255,26,453,55,495,82,26,320,152,103,60,110,21,357,104,40,373,553,10,223,1,8,24,23,517,14,345,4,58,590,4,11,34,48,90,1,590,225,149,64,0,50,12,7,1,114,4,6,110,25,162,73,46,5,261,140,5,408,36,175,2,9,473
B06_5,339,516,1,97,13,19,233,31,144,135,1,9,656,372,9,0,656,144,269,134,5,450,635,72,558,338,74,2,115,460,426,13,1,49,141,122,46,300,0,2,482,75,8,57,6,33,12,585,12,0,2,52,16,70,303,52,494,72,579,95,28,324,101,64,74,116,34,432,116,23,510,603,3,193,0,13,69,26,536,84,447,0,66,656,15,17,63,64,96,0,654,234,189,87,3,70,9,5,2,36,4,10,113,18,173,61,31,5,297,164,3,544,79,166,2,23,435
B07_1,13,1,6,7,1,1,47,2,2,15,1,3,87,42,9,1,87,24,48,14,2,38,84,0,47,17,2,3,18,10,28,2,0,10,21,18,3,42,17,0,38,13,1,6,0,2,0,74,0,0,2,23,2,4,34,1,76,9,44,16,2,43,32,9,13,6,5,26,8,0,18,80,0,57,36,1,5,2,73,0,16,0,4,87,0,0,0,7,4,0,87,29,11,11,11,3,1,1,0,0,1,3,6,4,44,11,29,0,29,13,18,40,3,48,0,0,85
B07_2,73,1,1,35,2,8,109,7,19,41,4,8,232,122,5,1,232,60,103,40,2,131,222,0,179,93,9,5,40,56,111,5,1,4,52,42,15,104,23,0,124,37,3,31,0,2,2,211,0,1,0,35,3,16,100,6,176,21,165,43,10,122,91,36,22,31,8,103,47,0,92,211,4,124,66,4,12,8,208,0,70,3,21,232,2,0,9,10,32,0,232,85,60,24,40,13,4,2,0,3,2,3,24,10,99,28,47,0,107,50,105,110,4,89,0,2,213
B07_3,152,1,2,73,4,4,134,12,43,78,0,15,376,220,1,2,376,73,144,64,4,214,359,5,295,186,12,7,68,122,213,7,1,8,86,80,26,162,36,1,238,71,4,39,1,6,2,352,2,2,1,43,15,23,196,20,287,31,297,54,8,191,156,57,25,53,16,188,64,3,185,353,4,184,27,9,12,16,330,2,173,0,37,376,1,0,19,28,58,0,376,157,101,47,114,19,2,6,0,0,3,3,47,16,131,42,46,3,177,77,204,221,14,117,2,5,331
B07_4,222,5,0,74,9,4,169,14,72,94,0,10,445,256,2,0,445,112,162,94,4,310,429,0,379,242,26,2,45,222,287,10,1,28,79,88,26,195,72,1,308,88,3,36,0,5,4,390,2,0,1,41,3,34,199,19,331,38,387,57,14,237,108,86,57,81,14,284,86,0,297,420,5,161,10,7,24,17,399,8,281,0,55,445,4,0,26,41,79,1,445,176,113,54,281,37,7,3,1,5,6,3,81,17,131,47,33,4,202,105,91,309,34,120,1,3,367
B07_5,433,0,2,104,14,20,262,38,183,140,1,16,758,439,5,0,758,168,281,166,10,552,727,5,651,411,84,3,121,577,535,18,1,51,153,136,50,340,516,2,566,100,5,68,7,37,10,683,11,0,2,52,16,75,344,56,554,82,689,99,39,359,92,71,80,151,40,513,154,1,629,697,7,213,17,14,67,42,631,96,533,2,91,758,18,1,72,66,132,0,756,268,217,87,151,79,12,5,3,1,5,15,145,23,192,66,21,4,366,200,79,648,89,177,2,26,488
